run_uuid,hostname,run_num,total_runs,order_type,random_seed,time_start,time_stop
1ea830d1-2f8b-11ec-a2db-ecb1d7853a62,hp055.utah.cloudlab.us,0,480,fixed,1634503510.2940328,5699.170181967,5824.94433367
fed7c546-2f8b-11ec-8138-ecb1d7853a62,hp055.utah.cloudlab.us,1,480,random,1634503510.2940328,6075.298215505,6201.089953591
df0abd2a-2f8c-11ec-b2d4-ecb1d7853a62,hp055.utah.cloudlab.us,2,480,fixed,1634503510.2940328,6451.442182677,6577.37692298
bf5a48af-2f8d-11ec-9a0b-ecb1d7853a62,hp055.utah.cloudlab.us,3,480,random,1634503510.2940328,6827.77262004,6953.694810474
9fa196da-2f8e-11ec-901f-ecb1d7853a62,hp055.utah.cloudlab.us,4,480,fixed,1634503510.2940328,7204.037074849,7330.048772257
7ffa831c-2f8f-11ec-83dc-ecb1d7853a62,hp055.utah.cloudlab.us,5,480,random,1634503510.2940328,7580.441196043,7706.578590196
60620e15-2f90-11ec-9969-ecb1d7853a62,hp055.utah.cloudlab.us,6,480,fixed,1634503510.2940328,7956.93005648,8082.839521152
40a7188a-2f91-11ec-b0b9-ecb1d7853a62,hp055.utah.cloudlab.us,7,480,random,1634503510.2940328,8333.192402019,8459.144851618
fac47ad7-2f91-11ec-8ef2-ecb1d7853a62,hp055.utah.cloudlab.us,8,480,fixed,1634503510.2940328,8670.50246739,8796.703317744
ea26434c-2f92-11ec-9026-ecb1d7853a62,hp055.utah.cloudlab.us,9,480,random,1634503510.2940328,9047.057556745,9173.00747574
ca781f15-2f93-11ec-80ac-ecb1d7853a62,hp055.utah.cloudlab.us,10,480,fixed,1634503510.2940328,9423.402153682,9549.234761063
aab736f3-2f94-11ec-96fb-ecb1d7853a62,hp055.utah.cloudlab.us,11,480,random,1634503510.2940328,9799.627921998,9925.881105125
8b36fd09-2f95-11ec-9c01-ecb1d7853a62,hp055.utah.cloudlab.us,12,480,fixed,1634503510.2940328,10176.272941119,10302.417761584
6b9fdddb-2f96-11ec-a4be-ecb1d7853a62,hp055.utah.cloudlab.us,13,480,random,1634503510.2940328,10552.769685894,10678.699464895
4be7e615-2f97-11ec-bfc5-ecb1d7853a62,hp055.utah.cloudlab.us,14,480,fixed,1634503510.2940328,10929.051042524,11055.175216129
2c4d8379-2f98-11ec-9e8c-ecb1d7853a62,hp055.utah.cloudlab.us,15,480,random,1634503510.2940328,11305.526841827,11431.313570847
0c7fa847-2f99-11ec-bc38-ecb1d7853a62,hp055.utah.cloudlab.us,16,480,fixed,1634503510.2940328,11681.664680483,11807.950037389
ecf4e76c-2f99-11ec-b34b-ecb1d7853a62,hp055.utah.cloudlab.us,17,480,random,1634503510.2940328,12058.242445029,12184.319008933
cd59a395-2f9a-11ec-bdde-ecb1d7853a62,hp055.utah.cloudlab.us,18,480,fixed,1634503510.2940328,12434.714220503,12560.687654338
adaf583b-2f9b-11ec-97c2-ecb1d7853a62,hp055.utah.cloudlab.us,19,480,random,1634503510.2940328,12811.084847661,12936.91401499
8dedfc3f-2f9c-11ec-a09d-ecb1d7853a62,hp055.utah.cloudlab.us,20,480,fixed,1634503510.2940328,13187.304776857,13313.584535195
6e717ca6-2f9d-11ec-817c-ecb1d7853a62,hp055.utah.cloudlab.us,21,480,random,1634503510.2940328,13563.976161131,13689.913437297
4ebaccc2-2f9e-11ec-8527-ecb1d7853a62,hp055.utah.cloudlab.us,22,480,fixed,1634503510.2940328,13940.266973621,14066.160192934
2efd890a-2f9f-11ec-8028-ecb1d7853a62,hp055.utah.cloudlab.us,23,480,random,1634503510.2940328,14316.513149964,14442.205388171
0f1a4785-2fa0-11ec-a21c-ecb1d7853a62,hp055.utah.cloudlab.us,24,480,fixed,1634503510.2940328,14692.498391095,14818.256334703
ef4607ab-2fa0-11ec-b901-ecb1d7853a62,hp055.utah.cloudlab.us,25,480,random,1634503510.2940328,15068.606682767,15194.449942774
cf80ec7f-2fa1-11ec-84e8-ecb1d7853a62,hp055.utah.cloudlab.us,26,480,fixed,1634503510.2940328,15444.803784139,15570.760271675
afcd4302-2fa2-11ec-a32e-ecb1d7853a62,hp055.utah.cloudlab.us,27,480,random,1634503510.2940328,15821.113564238,15946.951201419
900a8933-2fa3-11ec-96ff-ecb1d7853a62,hp055.utah.cloudlab.us,28,480,fixed,1634503510.2940328,16197.354600636,16323.30588141
705a93f3-2fa4-11ec-87e8-ecb1d7853a62,hp055.utah.cloudlab.us,29,480,random,1634503510.2940328,16573.658880896,16699.501567952
509531d8-2fa5-11ec-9df6-ecb1d7853a62,hp055.utah.cloudlab.us,30,480,fixed,1634503510.2940328,16949.852561788,17076.020336439
30fbdc97-2fa6-11ec-bdbb-ecb1d7853a62,hp055.utah.cloudlab.us,31,480,random,1634503510.2940328,17326.334649,17452.148885719
11324c34-2fa7-11ec-8dbf-ecb1d7853a62,hp055.utah.cloudlab.us,32,480,fixed,1634503510.2940328,17702.489904221,17827.974616406
f13881fb-2fa7-11ec-b3ab-ecb1d7853a62,hp055.utah.cloudlab.us,33,480,random,1634503510.2940328,18078.354015365,18204.631976563
d1ae2b96-2fa8-11ec-9fd1-ecb1d7853a62,hp055.utah.cloudlab.us,34,480,fixed,1634503510.2940328,18454.933179677,18580.823197382
b1efebb6-2fa9-11ec-bf56-ecb1d7853a62,hp055.utah.cloudlab.us,35,480,random,1634503510.2940328,18831.173473367,18957.214542988
924f38ec-2faa-11ec-9a32-ecb1d7853a62,hp055.utah.cloudlab.us,36,480,fixed,1634503510.2940328,19207.595297307,19333.483308465
728681fe-2fab-11ec-add5-ecb1d7853a62,hp055.utah.cloudlab.us,37,480,random,1634503510.2940328,19583.779247293,19709.554881158
52bda1ea-2fac-11ec-af2e-ecb1d7853a62,hp055.utah.cloudlab.us,38,480,fixed,1634503510.2940328,19959.950799645,20085.986678661
331c7e19-2fad-11ec-8c28-ecb1d7853a62,hp055.utah.cloudlab.us,39,480,random,1634503510.2940328,20336.381720224,20462.232037219
1358e9d5-2fae-11ec-b373-ecb1d7853a62,hp055.utah.cloudlab.us,40,480,fixed,1634503510.2940328,20712.577099831,20838.405277515
f388a431-2fae-11ec-854b-ecb1d7853a62,hp055.utah.cloudlab.us,41,480,random,1634503510.2940328,21088.710144981,21214.551083938
d3c9ac4a-2faf-11ec-9b7b-ecb1d7853a62,hp055.utah.cloudlab.us,42,480,fixed,1634503510.2940328,21464.945949825,21590.917508189
b41738ec-2fb0-11ec-a303-ecb1d7853a62,hp055.utah.cloudlab.us,43,480,random,1634503510.2940328,21841.249618129,21967.133584062
94566e6a-2fb1-11ec-ae9b-ecb1d7853a62,hp055.utah.cloudlab.us,44,480,fixed,1634503510.2940328,22217.488547812,22343.518390564
74ade980-2fb2-11ec-826d-ecb1d7853a62,hp055.utah.cloudlab.us,45,480,random,1634503510.2940328,22593.870752101,22719.921129785
5508c01b-2fb3-11ec-a5dd-ecb1d7853a62,hp055.utah.cloudlab.us,46,480,fixed,1634503510.2940328,22970.274209282,23096.193598207
354f2b35-2fb4-11ec-a55b-ecb1d7853a62,hp055.utah.cloudlab.us,47,480,random,1634503510.2940328,23346.545855494,23472.295252408
157bd551-2fb5-11ec-bb29-ecb1d7853a62,hp055.utah.cloudlab.us,48,480,fixed,1634503510.2940328,23722.638349763,23848.708503353
f5d7acb0-2fb5-11ec-8c10-ecb1d7853a62,hp055.utah.cloudlab.us,49,480,random,1634503510.2940328,24099.062284882,24225.196785936
d6310dd2-2fb6-11ec-b728-ecb1d7853a62,hp055.utah.cloudlab.us,50,480,fixed,1634503510.2940328,24475.456317398,24601.599722202
b699cd44-2fb7-11ec-9d01-ecb1d7853a62,hp055.utah.cloudlab.us,51,480,random,1634503510.2940328,24851.950334737,24978.077294949
97002ca1-2fb8-11ec-88d5-ecb1d7853a62,hp055.utah.cloudlab.us,52,480,fixed,1634503510.2940328,25228.431669856,25354.376568567
7743ad6a-2fb9-11ec-a545-ecb1d7853a62,hp055.utah.cloudlab.us,53,480,random,1634503510.2940328,25604.683872895,25730.48907256
5778bbe0-2fba-11ec-9821-ecb1d7853a62,hp055.utah.cloudlab.us,54,480,fixed,1634503510.2940328,25980.839825059,26106.637769068
37ac8f5d-2fbb-11ec-9ccd-ecb1d7853a62,hp055.utah.cloudlab.us,55,480,random,1634503510.2940328,26356.990794225,26482.865257821
17ec2848-2fbc-11ec-b1da-ecb1d7853a62,hp055.utah.cloudlab.us,56,480,fixed,1634503510.2940328,26733.217607381,26858.980339373
f815fb1d-2fbc-11ec-aedc-ecb1d7853a62,hp055.utah.cloudlab.us,57,480,random,1634503510.2940328,27109.302756488,27235.32220333
d86b0f25-2fbd-11ec-96c7-ecb1d7853a62,hp055.utah.cloudlab.us,58,480,fixed,1634503510.2940328,27485.668337089,27611.712484274
b8c20de7-2fbe-11ec-8659-ecb1d7853a62,hp055.utah.cloudlab.us,59,480,random,1634503510.2940328,27862.047403069,27987.875401738
98eca5da-2fbf-11ec-b0b0-ecb1d7853a62,hp055.utah.cloudlab.us,60,480,fixed,1634503510.2940328,28238.138870039,28363.857331555
7912cd64-2fc0-11ec-a090-ecb1d7853a62,hp055.utah.cloudlab.us,61,480,random,1634503510.2940328,28614.196655516,28740.187309597
5969cde3-2fc1-11ec-b784-ecb1d7853a62,hp055.utah.cloudlab.us,62,480,fixed,1634503510.2940328,28990.57637712,29116.350752078
399a5721-2fc2-11ec-b0e3-ecb1d7853a62,hp055.utah.cloudlab.us,63,480,random,1634503510.2940328,29366.704484277,29492.687603645
19eaa480-2fc3-11ec-ab2d-ecb1d7853a62,hp055.utah.cloudlab.us,64,480,fixed,1634503510.2940328,29743.04056623,29869.064990464
d376f475-2fc3-11ec-898c-ecb1d7853a62,hp055.utah.cloudlab.us,65,480,random,1634503510.2940328,30079.501452179,30205.463352022
c2c39fc3-2fc4-11ec-b6cd-ecb1d7853a62,hp055.utah.cloudlab.us,66,480,fixed,1634503510.2940328,30455.814804056,30581.51213866
a2e81669-2fc5-11ec-91ae-ecb1d7853a62,hp055.utah.cloudlab.us,67,480,random,1634503510.2940328,30831.864498699,30957.745949136
8328c539-2fc6-11ec-bc6a-ecb1d7853a62,hp055.utah.cloudlab.us,68,480,fixed,1634503510.2940328,31208.087598343,31334.264255925
63968209-2fc7-11ec-a91c-ecb1d7853a62,hp055.utah.cloudlab.us,69,480,random,1634503510.2940328,31584.626926093,31710.850909482
440b8a97-2fc8-11ec-b707-ecb1d7853a62,hp055.utah.cloudlab.us,70,480,fixed,1634503510.2940328,31961.20415024,32087.187968065
245c14a9-2fc9-11ec-a53f-ecb1d7853a62,hp055.utah.cloudlab.us,71,480,random,1634503510.2940328,32337.540984612,32463.406521502
04a10136-2fca-11ec-8851-ecb1d7853a62,hp055.utah.cloudlab.us,72,480,fixed,1634503510.2940328,32713.789420193,32839.75035858
bebe079c-2fca-11ec-9e7c-ecb1d7853a62,hp055.utah.cloudlab.us,73,480,random,1634503510.2940328,33051.112927815,33177.086186184
ae02aa52-2fcb-11ec-9192-ecb1d7853a62,hp055.utah.cloudlab.us,74,480,fixed,1634503510.2940328,33427.473885334,33553.450693484
8e524d37-2fcc-11ec-bc0e-ecb1d7853a62,hp055.utah.cloudlab.us,75,480,random,1634503510.2940328,33803.806003724,33929.638038095
6e89ccd3-2fcd-11ec-8ac0-ecb1d7853a62,hp055.utah.cloudlab.us,76,480,fixed,1634503510.2940328,34179.978462298,34306.05043466
4ee79b41-2fce-11ec-ad50-ecb1d7853a62,hp055.utah.cloudlab.us,77,480,random,1634503510.2940328,34556.403022479,34682.084593768
2f09ddb2-2fcf-11ec-807c-ecb1d7853a62,hp055.utah.cloudlab.us,78,480,fixed,1634503510.2940328,34932.437619945,35058.386046699
0f5b6203-2fd0-11ec-87ad-ecb1d7853a62,hp055.utah.cloudlab.us,79,480,random,1634503510.2940328,35308.782678254,35434.761353437
efab2a23-2fd0-11ec-ac72-ecb1d7853a62,hp055.utah.cloudlab.us,80,480,fixed,1634503510.2940328,35685.11427926,35811.036423754
cfe70cad-2fd1-11ec-87ba-ecb1d7853a62,hp055.utah.cloudlab.us,81,480,random,1634503510.2940328,36061.317387953,36187.367758154
b047992f-2fd2-11ec-a747-ecb1d7853a62,hp055.utah.cloudlab.us,82,480,fixed,1634503510.2940328,36437.746574785,36563.47862747
9076160c-2fd3-11ec-b29f-ecb1d7853a62,hp055.utah.cloudlab.us,83,480,random,1634503510.2940328,36813.872623165,36939.907944426
70d05a8d-2fd4-11ec-95e3-ecb1d7853a62,hp055.utah.cloudlab.us,84,480,fixed,1634503510.2940328,37190.263860229,37316.330708388
5131bbe8-2fd5-11ec-b9f9-ecb1d7853a62,hp055.utah.cloudlab.us,85,480,random,1634503510.2940328,37566.721489217,37692.71062363
3182f002-2fd6-11ec-9001-ecb1d7853a62,hp055.utah.cloudlab.us,86,480,fixed,1634503510.2940328,37943.064296871,38068.85624767
11b12fab-2fd7-11ec-b0c1-ecb1d7853a62,hp055.utah.cloudlab.us,87,480,random,1634503510.2940328,38319.177417566,38445.184117695
f1fccc6f-2fd7-11ec-a1e1-ecb1d7853a62,hp055.utah.cloudlab.us,88,480,fixed,1634503510.2940328,38695.481420279,38821.504217826
d253de8a-2fd8-11ec-a0b0-ecb1d7853a62,hp055.utah.cloudlab.us,89,480,random,1634503510.2940328,39071.86174569,39197.613308314
b280d5e8-2fd9-11ec-84c0-ecb1d7853a62,hp055.utah.cloudlab.us,90,480,fixed,1634503510.2940328,39447.967334906,39573.909785531
92caee31-2fda-11ec-9f53-ecb1d7853a62,hp055.utah.cloudlab.us,91,480,random,1634503510.2940328,39824.260266083,39950.004169211
72fc4908-2fdb-11ec-85e3-ecb1d7853a62,hp055.utah.cloudlab.us,92,480,fixed,1634503510.2940328,40200.38244097,40326.325013633
534a4a33-2fdc-11ec-9d09-ecb1d7853a62,hp055.utah.cloudlab.us,93,480,random,1634503510.2940328,40576.717338489,40702.977521772
33c4693f-2fdd-11ec-bf86-ecb1d7853a62,hp055.utah.cloudlab.us,94,480,fixed,1634503510.2940328,40953.32720599,41079.324655416
14170b32-2fde-11ec-ade1-ecb1d7853a62,hp055.utah.cloudlab.us,95,480,random,1634503510.2940328,41329.678263817,41455.887155954
f48a1e23-2fde-11ec-abce-ecb1d7853a62,hp055.utah.cloudlab.us,96,480,fixed,1634503510.2940328,41706.228874959,41832.22221144
d4da5436-2fdf-11ec-b6e0-ecb1d7853a62,hp055.utah.cloudlab.us,97,480,random,1634503510.2940328,42082.575264401,42208.709849807
b53b57dd-2fe0-11ec-bb80-ecb1d7853a62,hp055.utah.cloudlab.us,98,480,fixed,1634503510.2940328,42459.022475162,42584.92582433
9585b2fc-2fe1-11ec-b4fc-ecb1d7853a62,hp055.utah.cloudlab.us,99,480,random,1634503510.2940328,42835.318451085,42961.22738014
4f008f8d-2fe2-11ec-9377-ecb1d7853a62,hp055.utah.cloudlab.us,100,480,fixed,1634503510.2940328,43146.500447841,43273.475954303
2fe84b54-2fe3-11ec-b4b5-ecb1d7853a62,hp055.utah.cloudlab.us,101,480,random,1634503510.2940328,43523.830614637,43649.737761814
102c7038-2fe4-11ec-aae3-ecb1d7853a62,hp055.utah.cloudlab.us,102,480,fixed,1634503510.2940328,43900.087197499,44025.836317439
c995ce09-2fe4-11ec-8c25-ecb1d7853a62,hp055.utah.cloudlab.us,103,480,random,1634503510.2940328,44236.215962057,44362.28049615
b8e264a0-2fe5-11ec-a5cf-ecb1d7853a62,hp055.utah.cloudlab.us,104,480,fixed,1634503510.2940328,44612.633086603,44738.624770542
993a06f2-2fe6-11ec-b25e-ecb1d7853a62,hp055.utah.cloudlab.us,105,480,random,1634503510.2940328,44989.017496513,45115.029242493
7994fa73-2fe7-11ec-b613-ecb1d7853a62,hp055.utah.cloudlab.us,106,480,fixed,1634503510.2940328,45365.423489503,45491.418708875
59e9eb06-2fe8-11ec-8d54-ecb1d7853a62,hp055.utah.cloudlab.us,107,480,random,1634503510.2940328,45741.788285888,45867.705252161
3a2ff400-2fe9-11ec-8300-ecb1d7853a62,hp055.utah.cloudlab.us,108,480,fixed,1634503510.2940328,46118.056988468,46243.981442048
1a778286-2fea-11ec-a356-ecb1d7853a62,hp055.utah.cloudlab.us,109,480,random,1634503510.2940328,46494.335624386,46620.132232942
faab83bb-2fea-11ec-8571-ecb1d7853a62,hp055.utah.cloudlab.us,110,480,fixed,1634503510.2940328,46870.486273634,46996.40559129
daf88586-2feb-11ec-82e7-ecb1d7853a62,hp055.utah.cloudlab.us,111,480,random,1634503510.2940328,47246.788893857,47372.740677398
bb48be96-2fec-11ec-8390-ecb1d7853a62,hp055.utah.cloudlab.us,112,480,fixed,1634503510.2940328,47623.136465288,47749.205906704
9bacb151-2fed-11ec-8338-ecb1d7853a62,hp055.utah.cloudlab.us,113,480,random,1634503510.2940328,47999.589510085,48125.322927992
7bdb5e38-2fee-11ec-9aa4-ecb1d7853a62,hp055.utah.cloudlab.us,114,480,fixed,1634503510.2940328,48375.71724158,48501.50641095
5c14fcf8-2fef-11ec-9806-ecb1d7853a62,hp055.utah.cloudlab.us,115,480,random,1634503510.2940328,48751.902766568,48877.784912315
3c5c3197-2ff0-11ec-a04e-ecb1d7853a62,hp055.utah.cloudlab.us,116,480,fixed,1634503510.2940328,49128.179487564,49254.158273194
1cabd5ad-2ff1-11ec-8565-ecb1d7853a62,hp055.utah.cloudlab.us,117,480,random,1634503510.2940328,49504.501012583,49630.482616796
fd00ab54-2ff1-11ec-b294-ecb1d7853a62,hp055.utah.cloudlab.us,118,480,fixed,1634503510.2940328,49880.876730532,50006.906963352
dd5e7e9b-2ff2-11ec-b93d-ecb1d7853a62,hp055.utah.cloudlab.us,119,480,random,1634503510.2940328,50257.301542736,50383.2054881
bda6d7d8-2ff3-11ec-9aad-ecb1d7853a62,hp055.utah.cloudlab.us,120,480,fixed,1634503510.2940328,50633.58437379,50759.565914599
9dfd055d-2ff4-11ec-bf98-ecb1d7853a62,hp055.utah.cloudlab.us,121,480,random,1634503510.2940328,51009.948303993,51135.832122956
7e2dbbb8-2ff5-11ec-8772-ecb1d7853a62,hp055.utah.cloudlab.us,122,480,fixed,1634503510.2940328,51386.089173227,51512.35567574
5ea96794-2ff6-11ec-b1bc-ecb1d7853a62,hp055.utah.cloudlab.us,123,480,random,1634503510.2940328,51762.708793913,51888.924746529
3f101913-2ff7-11ec-b8ee-ecb1d7853a62,hp055.utah.cloudlab.us,124,480,fixed,1634503510.2940328,52139.191951217,52265.169653007
1f56198b-2ff8-11ec-a907-ecb1d7853a62,hp055.utah.cloudlab.us,125,480,random,1634503510.2940328,52515.448201613,52641.582387675
ffad3667-2ff8-11ec-9631-ecb1d7853a62,hp055.utah.cloudlab.us,126,480,fixed,1634503510.2940328,52891.84525472,53017.768720114
dff99e0c-2ff9-11ec-bc45-ecb1d7853a62,hp055.utah.cloudlab.us,127,480,random,1634503510.2940328,53268.150258638,53394.036733468
c03b06ca-2ffa-11ec-8202-ecb1d7853a62,hp055.utah.cloudlab.us,128,480,fixed,1634503510.2940328,53644.389678104,53770.284124361
a0790f1e-2ffb-11ec-ad81-ecb1d7853a62,hp055.utah.cloudlab.us,129,480,random,1634503510.2940328,54020.593833564,54146.552576921
80bf8aef-2ffc-11ec-9e6f-ecb1d7853a62,hp055.utah.cloudlab.us,130,480,fixed,1634503510.2940328,54396.87708822,54522.916743543
61188214-2ffd-11ec-a83c-ecb1d7853a62,hp055.utah.cloudlab.us,131,480,random,1634503510.2940328,54773.25763595,54899.349628173
416f1e79-2ffe-11ec-8836-ecb1d7853a62,hp055.utah.cloudlab.us,132,480,fixed,1634503510.2940328,55149.646001174,55275.79237822
21d52b2c-2fff-11ec-b67d-ecb1d7853a62,hp055.utah.cloudlab.us,133,480,random,1634503510.2940328,55526.113970247,55652.18422964
022c4004-3000-11ec-9271-ecb1d7853a62,hp055.utah.cloudlab.us,134,480,fixed,1634503510.2940328,55902.507670928,56028.539514674
e2787301-3000-11ec-a7f5-ecb1d7853a62,hp055.utah.cloudlab.us,135,480,random,1634503510.2940328,56278.814036331,56405.056692916
c2d37ac5-3001-11ec-8437-ecb1d7853a62,hp055.utah.cloudlab.us,136,480,fixed,1634503510.2940328,56655.221624284,56781.259187725
a31d8f0a-3002-11ec-ac9e-ecb1d7853a62,hp055.utah.cloudlab.us,137,480,random,1634503510.2940328,57031.514995666,57157.647945791
8388547b-3003-11ec-820f-ecb1d7853a62,hp055.utah.cloudlab.us,138,480,fixed,1634503510.2940328,57408.024057481,57533.924144382
63c04aed-3004-11ec-b491-ecb1d7853a62,hp055.utah.cloudlab.us,139,480,random,1634503510.2940328,57784.20161732,57910.172843681
440c3024-3005-11ec-abe0-ecb1d7853a62,hp055.utah.cloudlab.us,140,480,fixed,1634503510.2940328,58160.509984001,58286.45145881
244efb03-3006-11ec-af06-ecb1d7853a62,hp055.utah.cloudlab.us,141,480,random,1634503510.2940328,58536.755520973,58662.736776319
049f0416-3007-11ec-a8fc-ecb1d7853a62,hp055.utah.cloudlab.us,142,480,fixed,1634503510.2940328,58913.090818493,59039.414673551
e5142c64-3007-11ec-89ec-ecb1d7853a62,hp055.utah.cloudlab.us,143,480,random,1634503510.2940328,59289.667516056,59415.646455248
c5543bc5-3008-11ec-aafc-ecb1d7853a62,hp055.utah.cloudlab.us,144,480,fixed,1634503510.2940328,59665.898447699,59792.173066902
a5ca63c7-3009-11ec-8d01-ecb1d7853a62,hp055.utah.cloudlab.us,145,480,random,1634503510.2940328,60042.482418453,60168.524414483
8620a50f-300a-11ec-9cc1-ecb1d7853a62,hp055.utah.cloudlab.us,146,480,fixed,1634503510.2940328,60418.856973539,60544.853433843
66732578-300b-11ec-8e04-ecb1d7853a62,hp055.utah.cloudlab.us,147,480,random,1634503510.2940328,60795.205200639,60921.056142204
46af02b8-300c-11ec-9662-ecb1d7853a62,hp055.utah.cloudlab.us,148,480,fixed,1634503510.2940328,61171.408698747,61297.3856835
27046179-300d-11ec-8d63-ecb1d7853a62,hp055.utah.cloudlab.us,149,480,random,1634503510.2940328,61547.777096777,61673.672033377
07406744-300e-11ec-bbd1-ecb1d7853a62,hp055.utah.cloudlab.us,150,480,fixed,1634503510.2940328,61923.980718096,62049.973814597
e7921908-300e-11ec-9429-ecb1d7853a62,hp055.utah.cloudlab.us,151,480,random,1634503510.2940328,62300.324634749,62426.238915102
c7cf6e70-300f-11ec-bae8-ecb1d7853a62,hp055.utah.cloudlab.us,152,480,fixed,1634503510.2940328,62676.53840916,62802.591278653
a821881a-3010-11ec-91e6-ecb1d7853a62,hp055.utah.cloudlab.us,153,480,random,1634503510.2940328,63052.885093181,63178.824402564
8858e405-3011-11ec-8b6f-ecb1d7853a62,hp055.utah.cloudlab.us,154,480,fixed,1634503510.2940328,63429.058497292,63555.384433026
68d491f1-3012-11ec-abfd-ecb1d7853a62,hp055.utah.cloudlab.us,155,480,random,1634503510.2940328,63805.677286832,63931.657394952
4927c6d5-3013-11ec-8905-ecb1d7853a62,hp055.utah.cloudlab.us,156,480,fixed,1634503510.2940328,64182.030325907,64308.159142615
29833b32-3014-11ec-bebc-ecb1d7853a62,hp055.utah.cloudlab.us,157,480,random,1634503510.2940328,64558.441596824,64684.489262398
09dadb19-3015-11ec-a783-ecb1d7853a62,hp055.utah.cloudlab.us,158,480,fixed,1634503510.2940328,64934.825290951,65060.77720799
ea266178-3015-11ec-9fc4-ecb1d7853a62,hp055.utah.cloudlab.us,159,480,random,1634503510.2940328,65311.132843736,65437.156712049
ca76dff2-3016-11ec-bd50-ecb1d7853a62,hp055.utah.cloudlab.us,160,480,fixed,1634503510.2940328,65687.466629009,65813.350990454
aabecda4-3017-11ec-b568-ecb1d7853a62,hp055.utah.cloudlab.us,161,480,random,1634503510.2940328,66063.748217118,66189.675420553
8af1ceef-3018-11ec-b5c7-ecb1d7853a62,hp055.utah.cloudlab.us,162,480,fixed,1634503510.2940328,66439.890475545,66565.872476463
6b3d5707-3019-11ec-9778-ecb1d7853a62,hp055.utah.cloudlab.us,163,480,random,1634503510.2940328,66816.195989245,66942.011774235
4b6c7573-301a-11ec-be1f-ecb1d7853a62,hp055.utah.cloudlab.us,164,480,fixed,1634503510.2940328,67192.303506555,67318.179826753
2baab4b7-301b-11ec-ae84-ecb1d7853a62,hp055.utah.cloudlab.us,165,480,random,1634503510.2940328,67568.534181266,67694.624819827
0c006cf2-301c-11ec-84d7-ecb1d7853a62,hp055.utah.cloudlab.us,166,480,fixed,1634503510.2940328,67944.903214626,68071.111410027
ec73ccd1-301c-11ec-a857-ecb1d7853a62,hp055.utah.cloudlab.us,167,480,random,1634503510.2940328,68321.470543966,68447.42144693
ccbf92fc-301d-11ec-b229-ecb1d7853a62,hp055.utah.cloudlab.us,168,480,fixed,1634503510.2940328,68697.763223096,68823.76368273
ad10c367-301e-11ec-8367-ecb1d7853a62,hp055.utah.cloudlab.us,169,480,random,1634503510.2940328,69074.117508426,69200.003490943
8d526bbd-301f-11ec-8699-ecb1d7853a62,hp055.utah.cloudlab.us,170,480,fixed,1634503510.2940328,69450.358435406,69576.272535162
6d9f09b7-3020-11ec-a43f-ecb1d7853a62,hp055.utah.cloudlab.us,171,480,random,1634503510.2940328,69826.670365631,69952.825545816
4e09b463-3021-11ec-a4d2-ecb1d7853a62,hp055.utah.cloudlab.us,172,480,fixed,1634503510.2940328,70203.166157263,70329.369411752
2e7a0d8f-3022-11ec-9468-ecb1d7853a62,hp055.utah.cloudlab.us,173,480,random,1634503510.2940328,70579.724893771,70705.627112647
0ec45e4b-3023-11ec-9889-ecb1d7853a62,hp055.utah.cloudlab.us,174,480,fixed,1634503510.2940328,70956.020532459,71081.842433222
ef025e27-3023-11ec-994d-ecb1d7853a62,hp055.utah.cloudlab.us,175,480,random,1634503510.2940328,71332.237402762,71458.461519238
a8ad882c-3024-11ec-87ac-ecb1d7853a62,hp055.utah.cloudlab.us,176,480,fixed,1634503510.2940328,71668.897587495,71794.970094121
980a9018-3025-11ec-bec5-ecb1d7853a62,hp055.utah.cloudlab.us,177,480,random,1634503510.2940328,72045.323512601,72171.179023475
7846a96a-3026-11ec-8ac3-ecb1d7853a62,hp055.utah.cloudlab.us,178,480,fixed,1634503510.2940328,72421.514315756,72547.529826364
58a04ce0-3027-11ec-b347-ecb1d7853a62,hp055.utah.cloudlab.us,179,480,random,1634503510.2940328,72797.922822871,72923.829329451
38e53636-3028-11ec-a352-ecb1d7853a62,hp055.utah.cloudlab.us,180,480,fixed,1634503510.2940328,73174.183635656,73300.034535586
1918a173-3029-11ec-90e7-ecb1d7853a62,hp055.utah.cloudlab.us,181,480,random,1634503510.2940328,73550.332513206,73676.30817324
f9593167-3029-11ec-be6f-ecb1d7853a62,hp055.utah.cloudlab.us,182,480,fixed,1634503510.2940328,73926.564389572,74052.241681389
d97aedb6-302a-11ec-b892-ecb1d7853a62,hp055.utah.cloudlab.us,183,480,random,1634503510.2940328,74302.593868767,74428.799601444
b9ed98df-302b-11ec-9ba9-ecb1d7853a62,hp055.utah.cloudlab.us,184,480,fixed,1634503510.2940328,74679.154734338,74805.193829457
9a3ca589-302c-11ec-ae10-ecb1d7853a62,hp055.utah.cloudlab.us,185,480,random,1634503510.2940328,75055.482699512,75181.391214778
7a881170-302d-11ec-a47b-ecb1d7853a62,hp055.utah.cloudlab.us,186,480,fixed,1634503510.2940328,75431.787049057,75557.950655356
5af3f19f-302e-11ec-8da1-ecb1d7853a62,hp055.utah.cloudlab.us,187,480,random,1634503510.2940328,75808.303466619,75933.902871681
3b0fdd29-302f-11ec-9b32-ecb1d7853a62,hp055.utah.cloudlab.us,188,480,fixed,1634503510.2940328,76184.294297911,76310.267232724
1b650e70-3030-11ec-bdba-ecb1d7853a62,hp055.utah.cloudlab.us,189,480,random,1634503510.2940328,76560.663361149,76686.496013294
fb9e714e-3030-11ec-a55b-ecb1d7853a62,hp055.utah.cloudlab.us,190,480,fixed,1634503510.2940328,76936.849951623,77063.120825376
dc1ab74c-3031-11ec-8734-ecb1d7853a62,hp055.utah.cloudlab.us,191,480,random,1634503510.2940328,77313.474635366,77439.314957673
bc5cb724-3032-11ec-bac9-ecb1d7853a62,hp055.utah.cloudlab.us,192,480,fixed,1634503510.2940328,77689.718343536,77815.802426933
9cc32a95-3033-11ec-a032-ecb1d7853a62,hp055.utah.cloudlab.us,193,480,random,1634503510.2940328,78066.198540428,78192.286627201
7d23b88c-3034-11ec-8788-ecb1d7853a62,hp055.utah.cloudlab.us,194,480,fixed,1634503510.2940328,78442.638656181,78568.489849212
5d5ff4de-3035-11ec-b397-ecb1d7853a62,hp055.utah.cloudlab.us,195,480,random,1634503510.2940328,78818.84302871,78944.722610615
3da0dd9c-3036-11ec-8182-ecb1d7853a62,hp055.utah.cloudlab.us,196,480,fixed,1634503510.2940328,79195.066405154,79320.811860785
1dcaf9f2-3037-11ec-84ac-ecb1d7853a62,hp055.utah.cloudlab.us,197,480,random,1634503510.2940328,79571.165597684,79697.068622934
fe0f54be-3037-11ec-bf21-ecb1d7853a62,hp055.utah.cloudlab.us,198,480,fixed,1634503510.2940328,79947.421524747,80073.20569786
de3a9770-3038-11ec-afaa-ecb1d7853a62,hp055.utah.cloudlab.us,199,480,random,1634503510.2940328,80323.51703689,80449.381573141
be7b2332-3039-11ec-b863-ecb1d7853a62,hp055.utah.cloudlab.us,200,480,fixed,1634503510.2940328,80699.736691051,80825.722594138
9ebd5d1e-303a-11ec-bd11-ecb1d7853a62,hp055.utah.cloudlab.us,201,480,random,1634503510.2940328,81075.991730931,81202.142575347
7f2697ed-303b-11ec-9568-ecb1d7853a62,hp055.utah.cloudlab.us,202,480,fixed,1634503510.2940328,81452.489991788,81578.331720139
5f67794b-303c-11ec-bc70-ecb1d7853a62,hp055.utah.cloudlab.us,203,480,random,1634503510.2940328,81828.726333991,81954.430144251
3f8516d0-303d-11ec-a729-ecb1d7853a62,hp055.utah.cloudlab.us,204,480,fixed,1634503510.2940328,82204.729496676,82330.482778988
1fb128e0-303e-11ec-9ffc-ecb1d7853a62,hp055.utah.cloudlab.us,205,480,random,1634503510.2940328,82580.827388164,82706.797291496
ffffb69e-303e-11ec-bf00-ecb1d7853a62,hp055.utah.cloudlab.us,206,480,fixed,1634503510.2940328,82957.15276677,83083.293763643
e068311d-303f-11ec-9548-ecb1d7853a62,hp055.utah.cloudlab.us,207,480,random,1634503510.2940328,83333.64595013,83459.537744201
c0aa7578-3040-11ec-a6fd-ecb1d7853a62,hp055.utah.cloudlab.us,208,480,fixed,1634503510.2940328,83709.879020664,83835.730856243
a0eb7fcb-3041-11ec-ac97-ecb1d7853a62,hp055.utah.cloudlab.us,209,480,random,1634503510.2940328,84086.127429927,84212.048501577
812b9cde-3042-11ec-a72c-ecb1d7853a62,hp055.utah.cloudlab.us,210,480,fixed,1634503510.2940328,84462.357201665,84588.308137135
617dc0f2-3043-11ec-a9a0-ecb1d7853a62,hp055.utah.cloudlab.us,211,480,random,1634503510.2940328,84838.703759283,84964.617704643
41c372e3-3044-11ec-bfc2-ecb1d7853a62,hp055.utah.cloudlab.us,212,480,fixed,1634503510.2940328,85214.971669682,85340.897938797
220b4736-3045-11ec-a29f-ecb1d7853a62,hp055.utah.cloudlab.us,213,480,random,1634503510.2940328,85591.251187193,85717.119094141
0245b565-3046-11ec-a1f8-ecb1d7853a62,hp055.utah.cloudlab.us,214,480,fixed,1634503510.2940328,85967.443361336,86093.43471158
e29d5d1a-3046-11ec-a1d0-ecb1d7853a62,hp055.utah.cloudlab.us,215,480,random,1634503510.2940328,86343.829080743,86469.99254753
c3097364-3047-11ec-a4ca-ecb1d7853a62,hp055.utah.cloudlab.us,216,480,fixed,1634503510.2940328,86720.345080084,86845.949882154
a31fe2db-3048-11ec-a1b8-ecb1d7853a62,hp055.utah.cloudlab.us,217,480,random,1634503510.2940328,87096.3027281,87222.284980638
836f86d3-3049-11ec-865e-ecb1d7853a62,hp055.utah.cloudlab.us,218,480,fixed,1634503510.2940328,87472.633253582,87598.751275459
63dac268-304a-11ec-a682-ecb1d7853a62,hp055.utah.cloudlab.us,219,480,random,1634503510.2940328,87849.146322399,87975.172640324
4431b004-304b-11ec-b84e-ecb1d7853a62,hp055.utah.cloudlab.us,220,480,fixed,1634503510.2940328,88225.527546676,88351.542361855
24873a60-304c-11ec-84a5-ecb1d7853a62,hp055.utah.cloudlab.us,221,480,random,1634503510.2940328,88601.897283256,88727.716392401
04c4fa12-304d-11ec-872f-ecb1d7853a62,hp055.utah.cloudlab.us,222,480,fixed,1634503510.2940328,88978.111134904,89103.91776807
e501742d-304d-11ec-8aaa-ecb1d7853a62,hp055.utah.cloudlab.us,223,480,random,1634503510.2940328,89354.317259389,89480.139078842
c53a010f-304e-11ec-b2e0-ecb1d7853a62,hp055.utah.cloudlab.us,224,480,fixed,1634503510.2940328,89730.495879877,89856.506072066
a58e919c-304f-11ec-b0e9-ecb1d7853a62,hp055.utah.cloudlab.us,225,480,random,1634503510.2940328,90106.860780922,90232.864037365
85e21847-3050-11ec-9a89-ecb1d7853a62,hp055.utah.cloudlab.us,226,480,fixed,1634503510.2940328,90483.217635542,90609.337818527
6642d5d7-3051-11ec-abad-ecb1d7853a62,hp055.utah.cloudlab.us,227,480,random,1634503510.2940328,90859.661148577,90985.946436377
46c13ffe-3052-11ec-ad49-ecb1d7853a62,hp055.utah.cloudlab.us,228,480,fixed,1634503510.2940328,91236.299532257,91362.149745604
26fd7e33-3053-11ec-a3aa-ecb1d7853a62,hp055.utah.cloudlab.us,229,480,random,1634503510.2940328,91612.504894064,91738.57505096
0761b941-3054-11ec-81ef-ecb1d7853a62,hp055.utah.cloudlab.us,230,480,fixed,1634503510.2940328,91988.970762875,92115.249091206
e7df1ea1-3054-11ec-be78-ecb1d7853a62,hp055.utah.cloudlab.us,231,480,random,1634503510.2940328,92365.602605579,92491.711689444
c842c9a8-3055-11ec-a562-ecb1d7853a62,hp055.utah.cloudlab.us,232,480,fixed,1634503510.2940328,92742.064357225,92867.974185497
a880d096-3056-11ec-be29-ecb1d7853a62,hp055.utah.cloudlab.us,233,480,random,1634503510.2940328,93118.266801497,93244.358024226
88df7d1d-3057-11ec-84d2-ecb1d7853a62,hp055.utah.cloudlab.us,234,480,fixed,1634503510.2940328,93494.712870267,93620.69439921
692ffbf7-3058-11ec-9e56-ecb1d7853a62,hp055.utah.cloudlab.us,235,480,random,1634503510.2940328,93871.048491863,93997.217846873
49a369fe-3059-11ec-bde5-ecb1d7853a62,hp055.utah.cloudlab.us,236,480,fixed,1634503510.2940328,94247.614773318,94373.534308048
29ea6286-305a-11ec-82e6-ecb1d7853a62,hp055.utah.cloudlab.us,237,480,random,1634503510.2940328,94623.888296923,94749.730085174
0a2553db-305b-11ec-858d-ecb1d7853a62,hp055.utah.cloudlab.us,238,480,fixed,1634503510.2940328,95000.085101262,95125.872283074
ea57d08d-305b-11ec-a8de-ecb1d7853a62,hp055.utah.cloudlab.us,239,480,random,1634503510.2940328,95376.209630569,95502.239662434
caad4c51-305c-11ec-b2cc-ecb1d7853a62,hp055.utah.cloudlab.us,240,480,fixed,1634503510.2940328,95752.595543663,95878.589046687
aaff6ee9-305d-11ec-840d-ecb1d7853a62,hp055.utah.cloudlab.us,241,480,random,1634503510.2940328,96128.943291819,96254.950062747
8b52915f-305e-11ec-9b64-ecb1d7853a62,hp055.utah.cloudlab.us,242,480,fixed,1634503510.2940328,96505.298241956,96630.96495951
6b716e17-305f-11ec-8c7e-ecb1d7853a62,hp055.utah.cloudlab.us,243,480,random,1634503510.2940328,96881.312021556,97007.406056714
4bd361f2-3060-11ec-b011-ecb1d7853a62,hp055.utah.cloudlab.us,244,480,fixed,1634503510.2940328,97257.761216358,97383.821612915
2c307247-3061-11ec-b7c6-ecb1d7853a62,hp055.utah.cloudlab.us,245,480,random,1634503510.2940328,97634.17953349,97760.172735029
0c82b38f-3062-11ec-b3ef-ecb1d7853a62,hp055.utah.cloudlab.us,246,480,fixed,1634503510.2940328,98010.529827906,98136.41282543
ecca3ea6-3062-11ec-bf7c-ecb1d7853a62,hp055.utah.cloudlab.us,247,480,random,1634503510.2940328,98386.807527621,98512.618058114
ccf7f95e-3063-11ec-b9b3-ecb1d7853a62,hp055.utah.cloudlab.us,248,480,fixed,1634503510.2940328,98762.917437975,98888.869954125
ad45dd7a-3064-11ec-833d-ecb1d7853a62,hp055.utah.cloudlab.us,249,480,random,1634503510.2940328,99139.238056652,99265.048541154
8d7a15ab-3065-11ec-9d7f-ecb1d7853a62,hp055.utah.cloudlab.us,250,480,fixed,1634503510.2940328,99515.389652213,99641.274619976
6db89992-3066-11ec-afc2-ecb1d7853a62,hp055.utah.cloudlab.us,251,480,random,1634503510.2940328,99891.598022871,100017.482716408
4df8622f-3067-11ec-a899-ecb1d7853a62,hp055.utah.cloudlab.us,252,480,fixed,1634503510.2940328,100267.834737255,100393.704547502
2e376043-3068-11ec-b589-ecb1d7853a62,hp055.utah.cloudlab.us,253,480,random,1634503510.2940328,100644.058693978,100770.00702538
0e82876e-3069-11ec-8d56-ecb1d7853a62,hp055.utah.cloudlab.us,254,480,fixed,1634503510.2940328,101020.359727131,101146.052148888
eea67862-3069-11ec-bdc0-ecb1d7853a62,hp055.utah.cloudlab.us,255,480,random,1634503510.2940328,101396.395320224,101522.374765255
cefb7104-306a-11ec-b8c3-ecb1d7853a62,hp055.utah.cloudlab.us,256,480,fixed,1634503510.2940328,101772.773094912,101898.705141338
af447c04-306b-11ec-953f-ecb1d7853a62,hp055.utah.cloudlab.us,257,480,random,1634503510.2940328,102149.060009034,102275.30124805
8fc285c4-306c-11ec-bbe6-ecb1d7853a62,hp055.utah.cloudlab.us,258,480,fixed,1634503510.2940328,102525.695658072,102651.638153066
6ffd738c-306d-11ec-beec-ecb1d7853a62,hp055.utah.cloudlab.us,259,480,random,1634503510.2940328,102901.878917344,103028.233524792
50846cf7-306e-11ec-b611-ecb1d7853a62,hp055.utah.cloudlab.us,260,480,fixed,1634503510.2940328,103278.586494292,103404.550394465
0a0414da-306f-11ec-b2d2-ecb1d7853a62,hp055.utah.cloudlab.us,261,480,random,1634503510.2940328,103614.862591132,103740.924162967
f950629c-306f-11ec-a4e4-ecb1d7853a62,hp055.utah.cloudlab.us,262,480,fixed,1634503510.2940328,103991.277838785,104117.590350022
d9d99f6f-3070-11ec-9c6c-ecb1d7853a62,hp055.utah.cloudlab.us,263,480,random,1634503510.2940328,104367.985559342,104494.106368988
ba460173-3071-11ec-94aa-ecb1d7853a62,hp055.utah.cloudlab.us,264,480,fixed,1634503510.2940328,104744.508007134,104870.498762985
9a893906-3072-11ec-ab72-ecb1d7853a62,hp055.utah.cloudlab.us,265,480,random,1634503510.2940328,105120.755814605,105246.73601062
7ad91c28-3073-11ec-a4a8-ecb1d7853a62,hp055.utah.cloudlab.us,266,480,fixed,1634503510.2940328,105497.089611462,105622.788787859
5afe22cb-3074-11ec-ada0-ecb1d7853a62,hp055.utah.cloudlab.us,267,480,random,1634503510.2940328,105873.142855126,105999.019898019
3b36ca6d-3075-11ec-9035-ecb1d7853a62,hp055.utah.cloudlab.us,268,480,fixed,1634503510.2940328,106249.323770967,106375.448804852
1b9cf6a7-3076-11ec-9c0a-ecb1d7853a62,hp055.utah.cloudlab.us,269,480,random,1634503510.2940328,106625.801404779,106751.636551934
fbcf1974-3076-11ec-8b14-ecb1d7853a62,hp055.utah.cloudlab.us,270,480,fixed,1634503510.2940328,107001.939736991,107127.84193233
dc130ee7-3077-11ec-b3ae-ecb1d7853a62,hp055.utah.cloudlab.us,271,480,random,1634503510.2940328,107378.19570513,107504.067838921
bc450ce2-3078-11ec-a95a-ecb1d7853a62,hp055.utah.cloudlab.us,272,480,fixed,1634503510.2940328,107754.333135034,107880.272215478
9c8ef131-3079-11ec-8f43-ecb1d7853a62,hp055.utah.cloudlab.us,273,480,random,1634503510.2940328,108130.627719666,108256.569581749
7ce0058d-307a-11ec-82c3-ecb1d7853a62,hp055.utah.cloudlab.us,274,480,fixed,1634503510.2940328,108506.96725098,108632.992629001
5d3391b2-307b-11ec-ab4b-ecb1d7853a62,hp055.utah.cloudlab.us,275,480,random,1634503510.2940328,108883.322407641,109009.273258925
3d7ed2bf-307c-11ec-a202-ecb1d7853a62,hp055.utah.cloudlab.us,276,480,fixed,1634503510.2940328,109259.627766387,109385.833637708
1de3d560-307d-11ec-b6e1-ecb1d7853a62,hp055.utah.cloudlab.us,277,480,random,1634503510.2940328,109636.09888059,109762.034682389
fe252438-307d-11ec-b276-ecb1d7853a62,hp055.utah.cloudlab.us,278,480,fixed,1634503510.2940328,110012.33755833,110137.937765159
de41144e-307e-11ec-ab6c-ecb1d7853a62,hp055.utah.cloudlab.us,279,480,random,1634503510.2940328,110388.329561183,110514.274588747
be8bff42-307f-11ec-9143-ecb1d7853a62,hp055.utah.cloudlab.us,280,480,fixed,1634503510.2940328,110764.62998838,110890.499703713
9ecb06a9-3080-11ec-9978-ecb1d7853a62,hp055.utah.cloudlab.us,281,480,random,1634503510.2940328,111140.851424782,111266.91024917
585c8e65-3081-11ec-858e-ecb1d7853a62,hp055.utah.cloudlab.us,282,480,fixed,1634503510.2940328,111452.18274403,111579.100228513
393ac2c1-3082-11ec-af65-ecb1d7853a62,hp055.utah.cloudlab.us,283,480,random,1634503510.2940328,111829.450834355,111955.182454423
195edbae-3083-11ec-9189-ecb1d7853a62,hp055.utah.cloudlab.us,284,480,fixed,1634503510.2940328,112205.485822216,112331.394421888
f9a242a3-3083-11ec-8e58-ecb1d7853a62,hp055.utah.cloudlab.us,285,480,random,1634503510.2940328,112581.747472778,112707.934277118
da11af8c-3084-11ec-be61-ecb1d7853a62,hp055.utah.cloudlab.us,286,480,fixed,1634503510.2940328,112958.290255601,113084.091748406
ba406fcf-3085-11ec-b3c0-ecb1d7853a62,hp055.utah.cloudlab.us,287,480,random,1634503510.2940328,113334.40431915,113460.366714816
9a8dbcf0-3086-11ec-a0f3-ecb1d7853a62,hp055.utah.cloudlab.us,288,480,fixed,1634503510.2940328,113710.70802462,113836.515943165
7ac1b741-3087-11ec-a281-ecb1d7853a62,hp055.utah.cloudlab.us,289,480,random,1634503510.2940328,114086.871514312,114213.037025418
5b34be69-3088-11ec-baaa-ecb1d7853a62,hp055.utah.cloudlab.us,290,480,fixed,1634503510.2940328,114463.43427858,114589.354068904
3b7ba5f0-3089-11ec-8d68-ecb1d7853a62,hp055.utah.cloudlab.us,291,480,random,1634503510.2940328,114839.707507463,114966.00686652
1c026b5a-308a-11ec-9119-ecb1d7853a62,hp055.utah.cloudlab.us,292,480,fixed,1634503510.2940328,115216.387955294,115342.321436565
fc46654a-308a-11ec-8430-ecb1d7853a62,hp055.utah.cloudlab.us,293,480,random,1634503510.2940328,115592.655159125,115718.469825017
dc7ce73a-308b-11ec-b613-ecb1d7853a62,hp055.utah.cloudlab.us,294,480,fixed,1634503510.2940328,115968.823925149,116094.974841036
bce69ae4-308c-11ec-8f62-ecb1d7853a62,hp055.utah.cloudlab.us,295,480,random,1634503510.2940328,116345.328548053,116471.33387936
9d396147-308d-11ec-a6c1-ecb1d7853a62,hp055.utah.cloudlab.us,296,480,fixed,1634503510.2940328,116721.665497765,116847.514525555
573d9981-308e-11ec-afb5-ecb1d7853a62,hp055.utah.cloudlab.us,297,480,random,1634503510.2940328,117058.825445317,117185.035845145
46923bd9-308f-11ec-af46-ecb1d7853a62,hp055.utah.cloudlab.us,298,480,fixed,1634503510.2940328,117435.291275178,117561.377466569
26f84e45-3090-11ec-9c5b-ecb1d7853a62,hp055.utah.cloudlab.us,299,480,random,1634503510.2940328,117811.772436397,117937.600830998
0737dc37-3091-11ec-8727-ecb1d7853a62,hp055.utah.cloudlab.us,300,480,fixed,1634503510.2940328,118187.995407955,118313.967943039
e785cf99-3091-11ec-8129-ecb1d7853a62,hp055.utah.cloudlab.us,301,480,random,1634503510.2940328,118564.315369973,118690.118015106
c7baa2a5-3092-11ec-93b6-ecb1d7853a62,hp055.utah.cloudlab.us,302,480,fixed,1634503510.2940328,118940.473475859,119066.413141809
a80b22cb-3093-11ec-a881-ecb1d7853a62,hp055.utah.cloudlab.us,303,480,random,1634503510.2940328,119316.811123727,119442.820720878
8865df8b-3094-11ec-b4c8-ecb1d7853a62,hp055.utah.cloudlab.us,304,480,fixed,1634503510.2940328,119693.201882151,119819.283939361
68c9e875-3095-11ec-852b-ecb1d7853a62,hp055.utah.cloudlab.us,305,480,random,1634503510.2940328,120069.665609685,120195.74249
49272bca-3096-11ec-9914-ecb1d7853a62,hp055.utah.cloudlab.us,306,480,fixed,1634503510.2940328,120446.099587165,120572.029989434
296a9d17-3097-11ec-b98a-ecb1d7853a62,hp055.utah.cloudlab.us,307,480,random,1634503510.2940328,120822.35160034,120948.370414539
09c6a316-3098-11ec-8bfe-ecb1d7853a62,hp055.utah.cloudlab.us,308,480,fixed,1634503510.2940328,121198.753758098,121324.696088085
ea0f749e-3098-11ec-ae76-ecb1d7853a62,hp055.utah.cloudlab.us,309,480,random,1634503510.2940328,121575.050970419,121701.026848251
ca5f0a0f-3099-11ec-a622-ecb1d7853a62,hp055.utah.cloudlab.us,310,480,fixed,1634503510.2940328,121951.383140507,122077.37187713
aab06d91-309a-11ec-9584-ecb1d7853a62,hp055.utah.cloudlab.us,311,480,random,1634503510.2940328,122327.725444081,122453.74706353
8b06e31e-309b-11ec-bd0c-ecb1d7853a62,hp055.utah.cloudlab.us,312,480,fixed,1634503510.2940328,122704.091485107,122830.259437864
6b71fe2e-309c-11ec-b62b-ecb1d7853a62,hp055.utah.cloudlab.us,313,480,random,1634503510.2940328,123080.61544768,123206.660297813
2508c93e-309d-11ec-a398-ecb1d7853a62,hp055.utah.cloudlab.us,314,480,fixed,1634503510.2940328,123392.145622553,123519.208632248
06170a70-309e-11ec-a107-ecb1d7853a62,hp055.utah.cloudlab.us,315,480,random,1634503510.2940328,123769.561929311,123895.337330261
e64e480c-309e-11ec-9e7b-ecb1d7853a62,hp055.utah.cloudlab.us,316,480,fixed,1634503510.2940328,124145.731627433,124271.690027863
c69afee5-309f-11ec-8d08-ecb1d7853a62,hp055.utah.cloudlab.us,317,480,random,1634503510.2940328,124522.035020625,124647.963829438
a6e1855d-30a0-11ec-bde6-ecb1d7853a62,hp055.utah.cloudlab.us,318,480,fixed,1634503510.2940328,124898.318056944,125024.261580757
872c0850-30a1-11ec-b605-ecb1d7853a62,hp055.utah.cloudlab.us,319,480,random,1634503510.2940328,125274.616362484,125400.748252391
67935a19-30a2-11ec-8d13-ecb1d7853a62,hp055.utah.cloudlab.us,320,480,fixed,1634503510.2940328,125651.101953211,125776.961914054
47d0f987-30a3-11ec-9db4-ecb1d7853a62,hp055.utah.cloudlab.us,321,480,random,1634503510.2940328,126027.315503306,126153.359212409
282aa8b5-30a4-11ec-b236-ecb1d7853a62,hp055.utah.cloudlab.us,322,480,fixed,1634503510.2940328,126403.712432946,126529.728142905
087ff935-30a5-11ec-ae5b-ecb1d7853a62,hp055.utah.cloudlab.us,323,480,random,1634503510.2940328,126780.081610281,126905.817833778
e8a38581-30a5-11ec-9926-ecb1d7853a62,hp055.utah.cloudlab.us,324,480,fixed,1634503510.2940328,127156.124680126,127281.924142009
c8ca6833-30a6-11ec-be02-ecb1d7853a62,hp055.utah.cloudlab.us,325,480,random,1634503510.2940328,127532.18803957,127658.196706278
a91ea891-30a7-11ec-8319-ecb1d7853a62,hp055.utah.cloudlab.us,326,480,fixed,1634503510.2940328,127908.550033276,128034.429358868
896669b4-30a8-11ec-836e-ecb1d7853a62,hp055.utah.cloudlab.us,327,480,random,1634503510.2940328,128284.830993548,128410.739828122
69b220b6-30a9-11ec-a170-ecb1d7853a62,hp055.utah.cloudlab.us,328,480,fixed,1634503510.2940328,128661.137707155,128787.112658601
4a0198bc-30aa-11ec-8e9e-ecb1d7853a62,hp055.utah.cloudlab.us,329,480,random,1634503510.2940328,129037.467060968,129163.598910445
2a6ef9d9-30ab-11ec-9961-ecb1d7853a62,hp055.utah.cloudlab.us,330,480,fixed,1634503510.2940328,129413.993036623,129539.949801714
0ac2e606-30ac-11ec-a24f-ecb1d7853a62,hp055.utah.cloudlab.us,331,480,random,1634503510.2940328,129790.351773125,129916.292046403
eb0cc29a-30ac-11ec-b8d9-ecb1d7853a62,hp055.utah.cloudlab.us,332,480,fixed,1634503510.2940328,130166.632928689,130292.586928498
cb56f117-30ad-11ec-b8eb-ecb1d7853a62,hp055.utah.cloudlab.us,333,480,random,1634503510.2940328,130542.942112718,130668.651001933
ab7e75fd-30ae-11ec-ad59-ecb1d7853a62,hp055.utah.cloudlab.us,334,480,fixed,1634503510.2940328,130919.011969105,131044.904965764
8bc18e85-30af-11ec-a2d0-ecb1d7853a62,hp055.utah.cloudlab.us,335,480,random,1634503510.2940328,131295.26000584,131421.411765406
6c2c280e-30b0-11ec-855f-ecb1d7853a62,hp055.utah.cloudlab.us,336,480,fixed,1634503510.2940328,131671.768561691,131797.736262026
4b530ad0-30b1-11ec-a8b8-ecb1d7853a62,hp055.utah.cloudlab.us,337,480,random,1634503510.2940328,132046.151910291,132174.478662489
2d088451-30b2-11ec-a020-ecb1d7853a62,hp055.utah.cloudlab.us,338,480,fixed,1634503510.2940328,132424.831867168,132550.727810284
0d4bbe14-30b3-11ec-981e-ecb1d7853a62,hp055.utah.cloudlab.us,339,480,random,1634503510.2940328,132801.083334694,132927.194241963
edb64a14-30b3-11ec-a9c8-ecb1d7853a62,hp055.utah.cloudlab.us,340,480,fixed,1634503510.2940328,133177.590380393,133303.449336728
cdfa4e8c-30b4-11ec-9825-ecb1d7853a62,hp055.utah.cloudlab.us,341,480,random,1634503510.2940328,133553.844497009,133680.28074984
ae963ad4-30b5-11ec-b581-ecb1d7853a62,hp055.utah.cloudlab.us,342,480,fixed,1634503510.2940328,133930.676721083,134056.586555303
8edb4e00-30b6-11ec-b18e-ecb1d7853a62,hp055.utah.cloudlab.us,343,480,random,1634503510.2940328,134306.940131184,134432.990655016
6f3ce9bb-30b7-11ec-940c-ecb1d7853a62,hp055.utah.cloudlab.us,344,480,fixed,1634503510.2940328,134683.388972784,134809.278359185
4f77b3ac-30b8-11ec-8b05-ecb1d7853a62,hp055.utah.cloudlab.us,345,480,random,1634503510.2940328,135059.583876815,135185.770878831
2fe783e5-30b9-11ec-b951-ecb1d7853a62,hp055.utah.cloudlab.us,346,480,fixed,1634503510.2940328,135436.126323153,135562.345774791
10624f76-30ba-11ec-9f9c-ecb1d7853a62,hp055.utah.cloudlab.us,347,480,random,1634503510.2940328,135812.740934618,135938.698481301
f0aefc9e-30ba-11ec-90a3-ecb1d7853a62,hp055.utah.cloudlab.us,348,480,fixed,1634503510.2940328,136189.051852023,136314.88470474
d0e86b63-30bb-11ec-b1ff-ecb1d7853a62,hp055.utah.cloudlab.us,349,480,random,1634503510.2940328,136565.24009622,136691.113561678
b128a978-30bc-11ec-8ed6-ecb1d7853a62,hp055.utah.cloudlab.us,350,480,fixed,1634503510.2940328,136941.469074177,137067.452417845
9176ab97-30bd-11ec-8a03-ecb1d7853a62,hp055.utah.cloudlab.us,351,480,random,1634503510.2940328,137317.791084367,137444.14834267
720057bb-30be-11ec-880b-ecb1d7853a62,hp055.utah.cloudlab.us,352,480,fixed,1634503510.2940328,137694.491217206,137820.517945244
5255eb00-30bf-11ec-a27b-ecb1d7853a62,hp055.utah.cloudlab.us,353,480,random,1634503510.2940328,138070.873197117,138196.669874071
32906aa6-30c0-11ec-b195-ecb1d7853a62,hp055.utah.cloudlab.us,354,480,fixed,1634503510.2940328,138447.066673841,138573.069132981
12e91d73-30c1-11ec-a5e5-ecb1d7853a62,hp055.utah.cloudlab.us,355,480,random,1634503510.2940328,138823.457295837,138949.413577644
f335df0a-30c1-11ec-82e8-ecb1d7853a62,hp055.utah.cloudlab.us,356,480,fixed,1634503510.2940328,139199.757961034,139326.083038484
d3b8d2af-30c2-11ec-8ead-ecb1d7853a62,hp055.utah.cloudlab.us,357,480,random,1634503510.2940328,139576.435197337,139702.415531141
b408a066-30c3-11ec-9f54-ecb1d7853a62,hp055.utah.cloudlab.us,358,480,fixed,1634503510.2940328,139952.755006756,140078.918106401
9476eb96-30c4-11ec-a1eb-ecb1d7853a62,hp055.utah.cloudlab.us,359,480,random,1634503510.2940328,140329.303701294,140455.012699164
749547ca-30c5-11ec-b877-ecb1d7853a62,hp055.utah.cloudlab.us,360,480,fixed,1634503510.2940328,140705.297626382,140831.115752186
54cb977b-30c6-11ec-afa3-ecb1d7853a62,hp055.utah.cloudlab.us,361,480,random,1634503510.2940328,141081.476033097,141207.519462649
352bc775-30c7-11ec-aab6-ecb1d7853a62,hp055.utah.cloudlab.us,362,480,fixed,1634503510.2940328,141457.915228359,141583.794636524
156c109e-30c8-11ec-9a57-ecb1d7853a62,hp055.utah.cloudlab.us,363,480,random,1634503510.2940328,141834.146900715,141960.322048926
f5d9bc1b-30c8-11ec-aa60-ecb1d7853a62,hp055.utah.cloudlab.us,364,480,fixed,1634503510.2940328,142210.662712391,142336.871714132
d64aa31e-30c9-11ec-95ff-ecb1d7853a62,hp055.utah.cloudlab.us,365,480,random,1634503510.2940328,142587.224373932,142713.249199591
b6a13f17-30ca-11ec-a48b-ecb1d7853a62,hp055.utah.cloudlab.us,366,480,fixed,1634503510.2940328,142963.601528945,143089.364149208
96d10e22-30cb-11ec-b953-ecb1d7853a62,hp055.utah.cloudlab.us,367,480,random,1634503510.2940328,143339.725308396,143465.478449087
7704aeea-30cc-11ec-8129-ecb1d7853a62,hp055.utah.cloudlab.us,368,480,fixed,1634503510.2940328,143715.8626201,143841.907858363
57501279-30cd-11ec-b709-ecb1d7853a62,hp055.utah.cloudlab.us,369,480,random,1634503510.2940328,144092.175235058,144217.997862194
377236d8-30ce-11ec-ab0c-ecb1d7853a62,hp055.utah.cloudlab.us,370,480,fixed,1634503510.2940328,144468.210573605,144594.156701169
17c2a664-30cf-11ec-b246-ecb1d7853a62,hp055.utah.cloudlab.us,371,480,random,1634503510.2940328,144844.548805649,144970.702045826
f82d6aac-30cf-11ec-bb19-ecb1d7853a62,hp055.utah.cloudlab.us,372,480,fixed,1634503510.2940328,145221.043079526,145347.20563543
b1d3650b-30d0-11ec-bb87-ecb1d7853a62,hp055.utah.cloudlab.us,373,480,random,1634503510.2940328,145557.576991955,145683.625389512
a11d621c-30d1-11ec-a31e-ecb1d7853a62,hp055.utah.cloudlab.us,374,480,fixed,1634503510.2940328,145933.983232848,146059.899792584
815fd746-30d2-11ec-a3ce-ecb1d7853a62,hp055.utah.cloudlab.us,375,480,random,1634503510.2940328,146310.228638406,146436.005587835
618f67b7-30d3-11ec-9563-ecb1d7853a62,hp055.utah.cloudlab.us,376,480,fixed,1634503510.2940328,146686.351291583,146812.350732093
41e2a3d7-30d4-11ec-b7d5-ecb1d7853a62,hp055.utah.cloudlab.us,377,480,random,1634503510.2940328,147062.704623978,147188.575738919
222488a7-30d5-11ec-8b50-ecb1d7853a62,hp055.utah.cloudlab.us,378,480,fixed,1634503510.2940328,147438.9477266,147564.745755613
db8ec3ed-30d5-11ec-b83f-ecb1d7853a62,hp055.utah.cloudlab.us,379,480,random,1634503510.2940328,147775.081650405,147900.729249351
ca9bf27f-30d6-11ec-a211-ecb1d7853a62,hp055.utah.cloudlab.us,380,480,fixed,1634503510.2940328,148151.082754295,148277.053259562
aaeada91-30d7-11ec-aed4-ecb1d7853a62,hp055.utah.cloudlab.us,381,480,random,1634503510.2940328,148527.411727734,148653.383545078
8b39f676-30d8-11ec-932e-ecb1d7853a62,hp055.utah.cloudlab.us,382,480,fixed,1634503510.2940328,148903.73900505,149029.672731805
6b89b842-30d9-11ec-a2ac-ecb1d7853a62,hp055.utah.cloudlab.us,383,480,random,1634503510.2940328,149280.069885675,149405.824692291
4bbe0cba-30da-11ec-b5a2-ecb1d7853a62,hp055.utah.cloudlab.us,384,480,fixed,1634503510.2940328,149656.223093864,149782.065967455
2bf91542-30db-11ec-8210-ecb1d7853a62,hp055.utah.cloudlab.us,385,480,random,1634503510.2940328,150032.419528787,150158.437389221
0c4f29d7-30dc-11ec-9cc5-ecb1d7853a62,hp055.utah.cloudlab.us,386,480,fixed,1634503510.2940328,150408.793177259,150534.902784035
ecb30709-30dc-11ec-ad13-ecb1d7853a62,hp055.utah.cloudlab.us,387,480,random,1634503510.2940328,150785.256573325,150911.465578622
cd25dcbc-30dd-11ec-9382-ecb1d7853a62,hp055.utah.cloudlab.us,388,480,fixed,1634503510.2940328,151161.81836076,151287.616460486
ad59fe7a-30de-11ec-a822-ecb1d7853a62,hp055.utah.cloudlab.us,389,480,random,1634503510.2940328,151537.970430711,151664.098649278
8dc6b88c-30df-11ec-b512-ecb1d7853a62,hp055.utah.cloudlab.us,390,480,fixed,1634503510.2940328,151914.491846146,152040.30153049
6dfcb88c-30e0-11ec-b64e-ecb1d7853a62,hp055.utah.cloudlab.us,391,480,random,1634503510.2940328,152290.655708064,152416.755339139
4e6527fb-30e1-11ec-b62f-ecb1d7853a62,hp055.utah.cloudlab.us,392,480,fixed,1634503510.2940328,152667.149750561,152793.129086746
2eb416da-30e2-11ec-abc6-ecb1d7853a62,hp055.utah.cloudlab.us,393,480,random,1634503510.2940328,153043.477815251,153169.654242775
0f227c7e-30e3-11ec-b69c-ecb1d7853a62,hp055.utah.cloudlab.us,394,480,fixed,1634503510.2940328,153420.011094763,153546.024830207
ef7dce16-30e3-11ec-8477-ecb1d7853a62,hp055.utah.cloudlab.us,395,480,random,1634503510.2940328,153796.418751111,153922.424580137
cfd7d336-30e4-11ec-9004-ecb1d7853a62,hp055.utah.cloudlab.us,396,480,fixed,1634503510.2940328,154172.819100091,154298.606646643
b0078b00-30e5-11ec-bfa8-ecb1d7853a62,hp055.utah.cloudlab.us,397,480,random,1634503510.2940328,154548.9438282,154675.034333286
90684458-30e6-11ec-bc6f-ecb1d7853a62,hp055.utah.cloudlab.us,398,480,fixed,1634503510.2940328,154925.384341874,155051.210407638
70986ae0-30e7-11ec-a02f-ecb1d7853a62,hp055.utah.cloudlab.us,399,480,random,1634503510.2940328,155301.509230538,155427.302809706
50cc00cc-30e8-11ec-88cd-ecb1d7853a62,hp055.utah.cloudlab.us,400,480,fixed,1634503510.2940328,155677.657318274,155803.634901034
311bad6f-30e9-11ec-8c84-ecb1d7853a62,hp055.utah.cloudlab.us,401,480,random,1634503510.2940328,156053.987313339,156179.985577265
eaa3ccac-30e9-11ec-b3f8-ecb1d7853a62,hp055.utah.cloudlab.us,402,480,fixed,1634503510.2940328,156390.320062896,156516.475018919
d9fe8188-30ea-11ec-b2f5-ecb1d7853a62,hp055.utah.cloudlab.us,403,480,random,1634503510.2940328,156766.829043681,156892.755085805
ba4c46fc-30eb-11ec-9e74-ecb1d7853a62,hp055.utah.cloudlab.us,404,480,fixed,1634503510.2940328,157143.148282845,157268.934204253
9a7ec159-30ec-11ec-873e-ecb1d7853a62,hp055.utah.cloudlab.us,405,480,random,1634503510.2940328,157519.288818037,157645.282681019
7ad70d17-30ed-11ec-a71c-ecb1d7853a62,hp055.utah.cloudlab.us,406,480,fixed,1634503510.2940328,157895.677021859,158021.783907814
347019ab-30ee-11ec-8a57-ecb1d7853a62,hp055.utah.cloudlab.us,407,480,random,1634503510.2940328,158232.120039305,158358.316651785
23d124e9-30ef-11ec-87df-ecb1d7853a62,hp055.utah.cloudlab.us,408,480,fixed,1634503510.2940328,158608.670164579,158734.571023901
041ad35b-30f0-11ec-bd24-ecb1d7853a62,hp055.utah.cloudlab.us,409,480,random,1634503510.2940328,158984.963952371,159110.982236501
e46f4ab5-30f0-11ec-92c3-ecb1d7853a62,hp055.utah.cloudlab.us,410,480,fixed,1634503510.2940328,159361.327218316,159487.353331633
c4ba8425-30f1-11ec-a6fa-ecb1d7853a62,hp055.utah.cloudlab.us,411,480,random,1634503510.2940328,159737.628995129,159863.434562401
a4f038d3-30f2-11ec-b198-ecb1d7853a62,hp055.utah.cloudlab.us,412,480,fixed,1634503510.2940328,160113.790763529,160239.755586361
85449609-30f3-11ec-85e9-ecb1d7853a62,hp055.utah.cloudlab.us,413,480,random,1634503510.2940328,160490.13641431,160616.071937012
6591994d-30f4-11ec-b039-ecb1d7853a62,hp055.utah.cloudlab.us,414,480,fixed,1634503510.2940328,160866.46587736,160992.394080375
45dae355-30f5-11ec-944b-ecb1d7853a62,hp055.utah.cloudlab.us,415,480,random,1634503510.2940328,161242.757179411,161368.772654981
2636ba98-30f6-11ec-95f7-ecb1d7853a62,hp055.utah.cloudlab.us,416,480,fixed,1634503510.2940328,161619.169104592,161745.693128913
06d9c7cb-30f7-11ec-a649-ecb1d7853a62,hp055.utah.cloudlab.us,417,480,random,1634503510.2940328,161996.03530574,162121.761829887
c0372b89-30f7-11ec-b8e8-ecb1d7853a62,hp055.utah.cloudlab.us,418,480,fixed,1634503510.2940328,162332.323302536,162458.143884527
af814757-30f8-11ec-99e7-ecb1d7853a62,hp055.utah.cloudlab.us,419,480,random,1634503510.2940328,162708.49982413,162834.477383851
8fd15778-30f9-11ec-b6af-ecb1d7853a62,hp055.utah.cloudlab.us,420,480,fixed,1634503510.2940328,163084.831743338,163211.004148619
7031beb8-30fa-11ec-8335-ecb1d7853a62,hp055.utah.cloudlab.us,421,480,random,1634503510.2940328,163461.27611713,163587.191323945
29adb33c-30fb-11ec-9396-ecb1d7853a62,hp055.utah.cloudlab.us,422,480,fixed,1634503510.2940328,163797.526812357,163923.48052733
18e9e07c-30fc-11ec-a1c4-ecb1d7853a62,hp055.utah.cloudlab.us,423,480,random,1634503510.2940328,164173.835536181,164299.683331565
f925eda2-30fc-11ec-873e-ecb1d7853a62,hp055.utah.cloudlab.us,424,480,fixed,1634503510.2940328,164550.041695543,164676.068842931
d97d990d-30fd-11ec-acb6-ecb1d7853a62,hp055.utah.cloudlab.us,425,480,random,1634503510.2940328,164926.423272578,165052.575318861
b9ee3369-30fe-11ec-ba2f-ecb1d7853a62,hp055.utah.cloudlab.us,426,480,fixed,1634503510.2940328,165302.957161983,165428.894985937
9a35e91f-30ff-11ec-b1e4-ecb1d7853a62,hp055.utah.cloudlab.us,427,480,random,1634503510.2940328,165679.236229583,165805.158670468
7a6f84be-3100-11ec-9b94-ecb1d7853a62,hp055.utah.cloudlab.us,428,480,fixed,1634503510.2940328,166055.43677796,166181.6202801
5adea9de-3101-11ec-8b96-ecb1d7853a62,hp055.utah.cloudlab.us,429,480,random,1634503510.2940328,166431.975159001,166558.289186232
3b6843da-3102-11ec-aee6-ecb1d7853a62,hp055.utah.cloudlab.us,430,480,fixed,1634503510.2940328,166808.674649823,166934.600392601
1bb4b86c-3103-11ec-833f-ecb1d7853a62,hp055.utah.cloudlab.us,431,480,random,1634503510.2940328,167184.995508502,167311.23167685
fc29af29-3103-11ec-87d7-ecb1d7853a62,hp055.utah.cloudlab.us,432,480,fixed,1634503510.2940328,167561.571402537,167687.671903271
dc8015e3-3104-11ec-89f5-ecb1d7853a62,hp055.utah.cloudlab.us,433,480,random,1634503510.2940328,167937.946900703,168063.555910986
bc88f8fe-3105-11ec-ad74-ecb1d7853a62,hp055.utah.cloudlab.us,434,480,fixed,1634503510.2940328,168313.803152778,168439.693480232
9cc539b3-3106-11ec-95d4-ecb1d7853a62,hp055.utah.cloudlab.us,435,480,random,1634503510.2940328,168690.02130291,168815.952009967
7d0a9e28-3107-11ec-82dd-ecb1d7853a62,hp055.utah.cloudlab.us,436,480,fixed,1634503510.2940328,169066.287913649,169192.352911478
5d60e9f1-3108-11ec-819e-ecb1d7853a62,hp055.utah.cloudlab.us,437,480,random,1634503510.2940328,169442.660267802,169568.950290654
3de05c6c-3109-11ec-b605-ecb1d7853a62,hp055.utah.cloudlab.us,438,480,fixed,1634503510.2940328,169819.306160319,169945.405777165
1e425a91-310a-11ec-bf27-ecb1d7853a62,hp055.utah.cloudlab.us,439,480,random,1634503510.2940328,170195.757381145,170321.588041505
fe814931-310a-11ec-82c5-ecb1d7853a62,hp055.utah.cloudlab.us,440,480,fixed,1634503510.2940328,170571.979990926,170697.983037194
ded53c36-310b-11ec-bdf9-ecb1d7853a62,hp055.utah.cloudlab.us,441,480,random,1634503510.2940328,170948.341188849,171074.447027978
bf3468b0-310c-11ec-adcf-ecb1d7853a62,hp055.utah.cloudlab.us,442,480,fixed,1634503510.2940328,171324.761348004,171450.807482088
9f8acdaf-310d-11ec-98d6-ecb1d7853a62,hp055.utah.cloudlab.us,443,480,random,1634503510.2940328,171701.148522411,171827.656286117
8026bdc3-310e-11ec-affa-ecb1d7853a62,hp055.utah.cloudlab.us,444,480,fixed,1634503510.2940328,172077.980238072,172203.99948297
607a2bac-310f-11ec-895e-ecb1d7853a62,hp055.utah.cloudlab.us,445,480,random,1634503510.2940328,172454.335697421,172580.060333161
40a2cac9-3110-11ec-b9c8-ecb1d7853a62,hp055.utah.cloudlab.us,446,480,fixed,1634503510.2940328,172830.412652917,172956.080290894
20c96969-3111-11ec-bf71-ecb1d7853a62,hp055.utah.cloudlab.us,447,480,random,1634503510.2940328,173206.475937793,173332.405806549
0111b27e-3112-11ec-a4b6-ecb1d7853a62,hp055.utah.cloudlab.us,448,480,fixed,1634503510.2940328,173582.756021158,173708.54740569
e14487ee-3112-11ec-b1c3-ecb1d7853a62,hp055.utah.cloudlab.us,449,480,random,1634503510.2940328,173958.901567539,174084.683708162
c17cadf4-3113-11ec-ac86-ecb1d7853a62,hp055.utah.cloudlab.us,450,480,fixed,1634503510.2940328,174335.079449027,174461.546054402
a21736d0-3114-11ec-b1cc-ecb1d7853a62,hp055.utah.cloudlab.us,451,480,random,1634503510.2940328,174711.902071542,174837.845613993
82600b71-3115-11ec-8fa9-ecb1d7853a62,hp055.utah.cloudlab.us,452,480,fixed,1634503510.2940328,175088.187941574,175214.445082038
62da7a43-3116-11ec-879a-ecb1d7853a62,hp055.utah.cloudlab.us,453,480,random,1634503510.2940328,175464.799924856,175591.046231903
43532134-3117-11ec-86af-ecb1d7853a62,hp055.utah.cloudlab.us,454,480,fixed,1634503510.2940328,175841.401338311,175967.301050311
2396e4e9-3118-11ec-9f26-ecb1d7853a62,hp055.utah.cloudlab.us,455,480,random,1634503510.2940328,176217.655821541,176344.084526963
0431cc3e-3119-11ec-b62e-ecb1d7853a62,hp055.utah.cloudlab.us,456,480,fixed,1634503510.2940328,176594.479506505,176720.405723596
e478e8df-3119-11ec-bb73-ecb1d7853a62,hp055.utah.cloudlab.us,457,480,random,1634503510.2940328,176970.755697934,177096.687002061
c4c7fd94-311a-11ec-9ebe-ecb1d7853a62,hp055.utah.cloudlab.us,458,480,fixed,1634503510.2940328,177347.086916122,177472.928622064
a5038b86-311b-11ec-98aa-ecb1d7853a62,hp055.utah.cloudlab.us,459,480,random,1634503510.2940328,177723.283453775,177848.943151108
8522dc47-311c-11ec-aafa-ecb1d7853a62,hp055.utah.cloudlab.us,460,480,fixed,1634503510.2940328,178099.298006689,178225.864846775
65d2f1fa-311d-11ec-8f27-ecb1d7853a62,hp055.utah.cloudlab.us,461,480,random,1634503510.2940328,178476.262274662,178602.125287494
1f4ec62e-311e-11ec-9032-ecb1d7853a62,hp055.utah.cloudlab.us,462,480,fixed,1634503510.2940328,178812.51388904,178938.516255826
0e92a19a-311f-11ec-b972-ecb1d7853a62,hp055.utah.cloudlab.us,463,480,random,1634503510.2940328,179188.859384338,179314.549415083
eebb248c-311f-11ec-b155-ecb1d7853a62,hp055.utah.cloudlab.us,464,480,fixed,1634503510.2940328,179564.946991152,179691.012157632
cf17da89-3120-11ec-b867-ecb1d7853a62,hp055.utah.cloudlab.us,465,480,random,1634503510.2940328,179941.363450924,180067.382846207
af6df4e4-3121-11ec-9b97-ecb1d7853a62,hp055.utah.cloudlab.us,466,480,fixed,1634503510.2940328,180317.72556057,180443.772854795
8fc66287-3122-11ec-a930-ecb1d7853a62,hp055.utah.cloudlab.us,467,480,random,1634503510.2940328,180694.127447796,180820.011986305
7002d8b6-3123-11ec-b32b-ecb1d7853a62,hp055.utah.cloudlab.us,468,480,fixed,1634503510.2940328,181070.332550952,181196.475632155
506b9efd-3124-11ec-884c-ecb1d7853a62,hp055.utah.cloudlab.us,469,480,random,1634503510.2940328,181446.827714006,181572.70646163
30b1fc6e-3125-11ec-b123-ecb1d7853a62,hp055.utah.cloudlab.us,470,480,fixed,1634503510.2940328,181823.100421474,181948.691209448
10cce1c6-3126-11ec-83b8-ecb1d7853a62,hp055.utah.cloudlab.us,471,480,random,1634503510.2940328,182199.086295452,182325.182987246
f11f7894-3126-11ec-904c-ecb1d7853a62,hp055.utah.cloudlab.us,472,480,fixed,1634503510.2940328,182575.435865245,182701.368875623
d167ffba-3127-11ec-991e-ecb1d7853a62,hp055.utah.cloudlab.us,473,480,random,1634503510.2940328,182951.722327473,183077.81282686
b1c943f8-3128-11ec-8598-ecb1d7853a62,hp055.utah.cloudlab.us,474,480,fixed,1634503510.2940328,183328.168423767,183454.164282795
921bfe6a-3129-11ec-9819-ecb1d7853a62,hp055.utah.cloudlab.us,475,480,random,1634503510.2940328,183704.52254875,183830.40651258
72642778-312a-11ec-8f73-ecb1d7853a62,hp055.utah.cloudlab.us,476,480,fixed,1634503510.2940328,184080.804297778,184206.746989743
52aec143-312b-11ec-916c-ecb1d7853a62,hp055.utah.cloudlab.us,477,480,random,1634503510.2940328,184457.101067106,184583.087818314
0c3567d4-312c-11ec-94a7-ecb1d7853a62,hp055.utah.cloudlab.us,478,480,fixed,1634503510.2940328,184793.424218618,184919.478581863
fb8758bc-312c-11ec-94fe-ecb1d7853a62,hp055.utah.cloudlab.us,479,480,random,1634503510.2940328,185169.876098181,185295.687037411
